{
  "lr_metrics": {
    "rmse": 1.3252520117527913,
    "mae": 0.7767110912793354,
    "r2": 0.9991581276025433
  },
  "lgb_metrics": {
    "rmse": 1.584212672999507,
    "mae": 0.8524526820499448,
    "r2": 0.9987969704572183
  }
}