{
  "lr_metrics": {
    "rmse": 1.3252520117527913,
    "mae": 0.7767110912793354,
    "r2": 0.9991581276025433
  },
  "lstm_metrics": {
    "rmse": 2.762316667151663,
    "mae": 1.988101112019077,
    "r2": 0.9963423996195774
  }
}