{
  "lr_metrics": {
    "rmse": 1.3255408150596677,
    "mae": 0.777025672740281,
    "r2": 0.9991579909967181
  },
  "lstm_metrics": {
    "rmse": 2.493728387021964,
    "mae": 1.8236621410232134,
    "r2": 0.997019913817165
  }
}