{
  "lr_metrics": {
    "rmse": 1.3252520117527913,
    "mae": 0.7767110912793354,
    "r2": 0.9991581276025433
  },
  "lstm_metrics": {
    "rmse": 2.748885217842676,
    "mae": 2.010862865993475,
    "r2": 0.9963778824719076
  }
}